class,number
hamon,5.10619498242292
macron,21.4474331583881
fillon,17.7556854935466
le pen,24.7825918029931
mélenchon,22.9080945626493
