class,number
hamon santé,6.90925181098793
macron santé,29.5707768061366
fillon santé,19.7819408879591
le pen santé,10.8836440520985
mélenchon santé,24.8543864428178
