class,number
hamon europe,7.61593861699627
macron europe,13.1258450574136
fillon europe,10.8813652578163
le pen europe,12.9454962214124
mélenchon europe,47.4313548463615
