class,number
hamon retraite,6.82770946818485
macron retraite,34.5271696266908
fillon retraite,22.2271585897612
le pen retraite,11.2231300769262
mélenchon retraite,17.1948322384369
