class,number
hamon immigration,2.83950617283951
macron immigration,24.1430675176565
fillon immigration,6.60167904398099
le pen immigration,32.3753252505121
mélenchon immigration,26.040422015011
