class,number
hamon justice,5.36471586089907
macron justice,31.2935023627772
fillon justice,15.8233507119745
le pen justice,8.42876984126984
mélenchon justice,31.0896612230794
