class,number
hamon livre,5.40950279958061
macron livre,19.2672485405922
fillon livre,15.1698634078894
le pen livre,23.4145872655152
mélenchon livre,28.7387979864226
