class,number
hamon culture,9.65150776626134
macron culture,16.8846962341877
fillon culture,20.6676525306881
le pen culture,0
mélenchon culture,44.7961434688628
