class,number
hamon politique,7.86983390851292
macron politique,30.2904768917532
fillon politique,13.8174217999847
le pen politique,16.0986613083729
mélenchon politique,23.9236060913763
