class,number
hamon facebook,5.40006866448014
macron facebook,17.700946117157
fillon facebook,18.7977219644907
le pen facebook,25.8680562996514
mélenchon facebook,24.2332069542208
