class,number
hamon age,5.26613813122044
macron age,41.5641016512764
fillon age,8.97718323185117
le pen age,24.480096822319
mélenchon age,11.712480163333
