class,number
hamon twitter,8.91750489672299
macron twitter,16.2333141142862
fillon twitter,18.9414278129562
le pen twitter,19.8698731475266
mélenchon twitter,28.037880028508
