class,number
hamon blog,0
macron blog,10.4997295693401
fillon blog,14.0885998140255
le pen blog,22.4669261700026
mélenchon blog,44.9447444466319
