class,number
hamon youtube,4.40063346663327
macron youtube,14.2213971490173
fillon youtube,11.4830850712606
le pen youtube,23.1881645285547
mélenchon youtube,38.7067197845341
