class,number
hamon femme,7.97474906856194
macron femme,46.4363930230609
fillon femme,6.91386214774658
le pen mari,10.7892371173376
mélenchon femme,19.885758643293
