class,number
hamon sondage,2.3950954258384
macron sondage,19.9766574121611
fillon sondage,27.1900741322459
le pen sondage,17.2275344904791
mélenchon sondage,25.2106385392755
