class,number
hamon programme,6.97457776537347
macron programme,27.3523401105123
fillon programme,11.7616274467722
le pen programme,13.7814824599718
mélenchon programme,32.1299722173702
