class,number
hamon 2017,4.82812956170688
macron 2017,19.5709765816111
fillon 2017,20.8861554584681
le pen 2017,22.0240731909555
mélenchon 2017,24.6906652072584
