class,number
hamon,6.10411975137516
macron,21.229429245582
fillon,23.062014797372
le pen,22.7375970646623
mélenchon,18.8668391410085
