class,number
hamon santé,7.44467310731432
macron santé,19.4977575292757
fillon santé,16.3939449268643
le pen santé,25.8619931281748
mélenchon santé,22.8016313083709
