class,number
hamon europe,6.61512829046304
macron europe,13.5743834461945
fillon europe,13.401581123759
le pen europe,23.8655898138048
mélenchon europe,34.5433173257786
