class,number
hamon retraite,5.80735132977856
macron retraite,35.1197691681236
fillon retraite,24.1189293667907
le pen retraite,11.568659332506
mélenchon retraite,15.3852908028011
