class,number
hamon immigration,6.15913229360644
macron immigration,23.1387015277354
fillon immigration,10.0699930852639
le pen immigration,27.0798274226367
mélenchon immigration,25.5523456707576
