class,number
hamon justice,6.08922968059639
macron justice,30.3488285170495
fillon justice,28.2645434323462
le pen justice,12.2146291397959
mélenchon justice,15.0827692302119
