class,number
hamon livre,5.89278697616675
macron livre,12.1199925902645
fillon livre,13.8941320051433
le pen livre,34.8945837302604
mélenchon livre,25.1985046981651
