class,number
hamon culture,12.8726825711776
macron culture,28.0064416709066
fillon culture,19.331722274107
le pen culture,0
mélenchon culture,31.7891534838088
