class,number
hamon politique,8.71138102700443
macron politique,28.1726585449747
fillon politique,19.9168745567202
le pen politique,15.0229589377747
mélenchon politique,20.1761269335259
