class,number
hamon facebook,5.46730244543846
macron facebook,16.7515614286687
fillon facebook,23.879357213482
le pen facebook,25.7734492615855
mélenchon facebook,20.1283296508254
