class,number
hamon age,7.02963514481663
macron age,46.8778397510455
fillon age,9.17149830785207
le pen age,19.820078282221
mélenchon age,9.10094851406481
