class,number
hamon twitter,7.83414182705147
macron twitter,17.4293372984649
fillon twitter,20.6127712006391
le pen twitter,21.0750086998931
mélenchon twitter,25.0487409739515
