class,number
hamon blog,0
macron blog,11.5776485735505
fillon blog,16.0844580392169
le pen blog,20.8376149962634
mélenchon blog,43.5002783909692
