class,number
hamon youtube,4.0775452781028
macron youtube,13.298714447242
fillon youtube,18.3844752976137
le pen youtube,24.3383449217364
mélenchon youtube,31.9009200553052
