class,number
hamon femme,10.1072364358644
macron femme,44.0431945050892
fillon femme,9.41269395890274
le pen mari,10.6687768800789
mélenchon femme,17.7680982200648
