class,number
hamon sondage,3.58371458510115
macron sondage,20.5257372446765
fillon sondage,34.7152046889984
le pen sondage,13.9900259200938
mélenchon sondage,19.1853175611302
