class,number
hamon programme,7.34434968917759
macron programme,29.186034153818
fillon programme,12.1717856949415
le pen programme,15.6799923118228
mélenchon programme,27.6178381502401
