class,number
hamon 2017,6.60287659407642
macron 2017,20.6475744408124
fillon 2017,25.0536924828482
le pen 2017,19.0495689395522
mélenchon 2017,20.6462875427108
