class,number
hamon,7.90347125093292
macron,17.7947515182987
fillon,22.119166968168
le pen,33.0768434763963
mélenchon,11.1057667862041
