class,number
hamon santé,9.56678722557124
macron santé,13.2028247038134
fillon santé,11.1867791038144
le pen santé,41.0715824067348
mélenchon santé,14.6526988289738
