class,number
hamon europe,9.75025424965308
macron europe,14.0411570949222
fillon europe,17.6824231407166
le pen europe,28.7587466533086
mélenchon europe,21.7674188613995
