class,number
hamon retraite,9.15878273307709
macron retraite,32.0660609869144
fillon retraite,27.7321705672996
le pen retraite,14.5045941256236
mélenchon retraite,8.53839158708524
