class,number
hamon immigration,6.6714510312991
macron immigration,28.5546926156124
fillon immigration,15.1681183283934
le pen immigration,22.1028418557239
mélenchon immigration,17.1835684378788
