class,number
hamon justice,6.89830399766626
macron justice,24.0909292081852
fillon justice,27.1013749169396
le pen justice,10.5769811947515
mélenchon justice,14.0550997580878
