class,number
hamon livre,6.48169411016788
macron livre,15.9663274791225
fillon livre,14.8189669686667
le pen livre,35.7231033734948
mélenchon livre,19.0099080685482
