class,number
hamon culture,11.4681167022418
macron culture,32.2393560316869
fillon culture,23.7670652162129
le pen culture,0
mélenchon culture,17.5674788565811
