class,number
hamon politique,11.6001140384163
macron politique,26.7535355241821
fillon politique,19.4165469966485
le pen politique,19.6731536720418
mélenchon politique,13.7835405250138
