class,number
hamon facebook,6.28594536535989
macron facebook,12.1367558261244
fillon facebook,22.0557583339441
le pen facebook,38.4383970288893
mélenchon facebook,13.0831434456824
