class,number
hamon age,9.55960502482599
macron age,43.5849695569662
fillon age,12.524919012519
le pen age,20.3146071371499
mélenchon age,6.0158992685389
