class,number
hamon twitter,7.70472908041943
macron twitter,13.9777540305766
fillon twitter,19.969040684684
le pen twitter,33.1084785800817
mélenchon twitter,17.2399976242383
