class,number
hamon youtube,5.97999969449068
macron youtube,12.9252697753979
fillon youtube,17.3918667697075
le pen youtube,27.483869701159
mélenchon youtube,28.2189940592449
