class,number
hamon femme,16.4670444938249
macron femme,43.2362838974347
fillon femme,13.0164483751066
le pen mari,10.0558274752357
mélenchon femme,9.22439575839809
