class,number
hamon sondage,6.4535856502663
macron sondage,22.6951345153252
fillon sondage,33.6319673816481
le pen sondage,16.2856030289133
mélenchon sondage,12.9337094238471
