class,number
hamon programme,11.5187818536261
macron programme,34.2119774612778
fillon programme,14.5309615258329
le pen programme,18.7199504211137
mélenchon programme,13.0183287381494
