class,number
hamon 2017,8.08947111100155
macron 2017,20.3887951126579
fillon 2017,25.8441268754676
le pen 2017,25.0682244332547
mélenchon 2017,12.6093824676183
